{
    "maTypeInput": "WMA",
    "entryConditionType": "Above MA",
    "emaLongTermPeriod": 464,
    "emaShortTermPeriod": 91,
    "emaMidTermPeriod": 286,
    "enableMacdExit": true,
    "timeframeSelection": "W",
    "macdFastLength": 302,
    "macdSlowLength": 55,
    "macdSignalSmoothing": 144,
    "useTrailingStop": true,
    "trailingStopPercent": 0.001266457507870048,
    "useEMACloseExit": true,
    "useEMAExit": true,
    "emaCloseExitPeriod": 445,
    "use_volatility_filter": false,
    "atr_periods": 0,
    "atr_multiplier": 0.0,
    "profit_factor_1": 27.052809437208165,
    "win_rate_1": 62.04182041820418,
    "total_pnl_1": 455941.35036984534,
    "profit_factor_2": 37.287012190654764,
    "win_rate_2": 59.42059632057517,
    "total_pnl_2": 5571.072010931598,
    "profit_factor_3": 12.435149180691102,
    "win_rate_3": 68.58927259368112,
    "total_pnl_3": 0.4363687018721077,
    "profit_factor_4": 65.3535768944494,
    "win_rate_4": 59.12833902390038,
    "total_pnl_4": 36789.03953029727
}